ts,rss_mb,frame_ms_ewma,queue_len,queue_cap,queue_dropped,budget_chart,budget_instant,budget_preview,gui_interval_ms,guardrail,background
1773390576.614736,134.117,0.000,0,24,0,2,2,1,300,0,1
1773390578.596941,134.031,0.000,0,24,0,2,2,1,300,0,1
1773390580.596785,134.031,0.000,0,24,0,2,2,1,300,0,1
1773390582.596894,134.035,0.000,0,24,0,2,2,1,300,0,1
1773390584.597662,134.035,0.000,0,24,0,2,2,1,300,0,1
1773390586.597195,134.035,0.000,0,24,0,2,2,1,300,0,1
1773390588.597292,134.039,0.000,0,24,0,2,2,1,300,0,1
1773390590.598174,134.043,0.000,0,24,0,2,2,1,300,0,1
1773390592.598497,134.043,0.000,0,24,0,2,2,1,300,0,1
1773390594.613118,134.043,0.000,0,24,0,2,2,1,300,0,1
1773390596.615189,134.043,0.000,0,24,0,2,2,1,300,0,1
1773390598.613976,134.043,0.000,0,24,0,2,2,1,300,0,1
1773390600.613956,134.043,0.000,0,24,0,2,2,1,300,0,1
1773390602.614207,134.043,0.000,0,24,0,2,2,1,300,0,1
1773390604.614304,134.086,0.000,0,24,0,2,2,1,300,0,1
1773390606.614452,134.086,0.000,0,24,0,2,2,1,300,0,1
1773390608.613484,134.090,0.000,0,24,0,2,2,1,300,0,1
1773390610.614763,134.090,0.000,0,24,0,2,2,1,300,0,1
1773390612.613740,134.094,0.000,0,24,0,2,2,1,300,0,1
1773390614.613605,134.094,0.000,0,24,0,2,2,1,300,0,1
1773390616.613749,134.094,0.000,0,24,0,2,2,1,300,0,1
1773390804.377828,134.344,0.000,0,24,0,2,2,1,300,0,1
1773390806.364200,134.258,0.000,0,24,0,2,2,1,300,0,1
1773390808.363360,134.258,0.000,0,24,0,2,2,1,300,0,1
1773390810.363873,134.258,0.000,0,24,0,2,2,1,300,0,1
1773390812.364312,134.262,0.000,0,24,0,2,2,1,300,0,1
1773390814.364091,134.262,0.000,0,24,0,2,2,1,300,0,1
1773390816.364191,134.266,0.000,0,24,0,2,2,1,300,0,1
1773390818.362452,134.270,0.000,0,24,0,2,2,1,300,0,1
1773390820.364005,134.270,0.000,0,24,0,2,2,1,300,0,1
1773390822.364524,134.270,0.000,0,24,0,2,2,1,300,0,1
1773390824.364315,134.270,0.000,0,24,0,2,2,1,300,0,1
1773390826.363575,134.270,0.000,0,24,0,2,2,1,300,0,1
1773390828.362661,134.270,0.000,0,24,0,2,2,1,300,0,1
1773390830.364322,134.270,0.000,0,24,0,2,2,1,300,0,1
1773390832.364465,134.312,0.000,0,24,0,2,2,1,300,0,1
1773390834.363498,134.312,0.000,0,24,0,2,2,1,300,0,1
1773390836.364213,134.316,0.000,0,24,0,2,2,1,300,0,1
1773390838.363905,134.316,0.000,0,24,0,2,2,1,300,0,1
1773390840.363518,134.316,0.000,0,24,0,2,2,1,300,0,1
1773390842.363310,134.316,0.000,0,24,0,2,2,1,300,0,1
1773390844.364345,134.316,0.000,0,24,0,2,2,1,300,0,1
1773390846.364146,134.316,0.000,0,24,0,2,2,1,300,0,1
1773390848.363886,134.316,0.000,0,24,0,2,2,1,300,0,1
1773390850.364115,134.316,0.000,0,24,0,2,2,1,300,0,1
1773390852.379179,134.316,0.000,0,24,0,2,2,1,300,0,1
1773390854.378681,134.316,0.000,0,24,0,2,2,1,300,0,1
1773390856.379632,134.324,0.000,0,24,0,2,2,1,300,0,1
1773390858.378521,134.324,0.000,0,24,0,2,2,1,300,0,1
1773390860.378968,134.324,0.000,0,24,0,2,2,1,300,0,1
1773390862.379443,134.277,0.000,0,24,0,2,2,1,300,0,1
1773390864.379697,134.277,0.000,0,24,0,2,2,1,300,0,1
1773390866.379659,134.277,0.000,0,24,0,2,2,1,300,0,1
1773390868.378693,134.277,0.000,0,24,0,2,2,1,300,0,1
1773390870.379213,134.277,0.000,0,24,0,2,2,1,300,0,1
1773390872.379503,134.277,0.000,0,24,0,2,2,1,300,0,1
1773390874.379611,134.277,0.000,0,24,0,2,2,1,300,0,1
1773390876.379369,134.285,0.000,0,24,0,2,2,1,300,0,1
1773390878.377977,134.285,0.000,0,24,0,2,2,1,300,0,1
1773390880.379984,134.285,0.000,0,24,0,2,2,1,300,0,1
1773390882.378809,134.285,0.000,0,24,0,2,2,1,300,0,1
1773390884.379197,134.285,0.000,0,24,0,2,2,1,300,0,1
1773390886.379445,134.285,0.000,0,24,0,2,2,1,300,0,1
1773390888.378851,134.285,0.000,0,24,0,2,2,1,300,0,1
1773390890.380196,134.285,0.000,0,24,0,2,2,1,300,0,1
1773390892.380244,134.285,0.000,0,24,0,2,2,1,300,0,1
1773390894.379494,134.285,0.000,0,24,0,2,2,1,300,0,1
1773390896.378918,134.289,0.000,0,24,0,2,2,1,300,0,1
1773390898.379178,134.289,0.000,0,24,0,2,2,1,300,0,1
1773390900.378763,134.289,0.000,0,24,0,2,2,1,300,0,1
1773390902.379659,134.289,0.000,0,24,0,2,2,1,300,0,1
1773390904.379000,134.293,0.000,0,24,0,2,2,1,300,0,1
1773390906.379491,134.293,0.000,0,24,0,2,2,1,300,0,1
1773390908.379103,134.293,0.000,0,24,0,2,2,1,300,0,1
1773390910.378985,134.293,0.000,0,24,0,2,2,1,300,0,1
1773390912.378678,134.293,0.000,0,24,0,2,2,1,300,0,1
1773390914.378241,134.293,0.000,0,24,0,2,2,1,300,0,1
1773390916.379766,134.297,0.000,0,24,0,2,2,1,300,0,1
1773390918.379221,134.297,0.000,0,24,0,2,2,1,300,0,1
1773390920.379442,134.297,0.000,0,24,0,2,2,1,300,0,1
1773391656.147522,151.305,0.000,0,24,0,8,8,3,100,0,0
1773391658.128927,151.309,0.000,0,24,0,8,8,3,100,0,0
1773391660.128240,151.309,0.000,0,24,0,8,8,3,100,0,0
1773391662.128776,151.312,0.000,0,24,0,8,8,3,100,0,0
1773391664.130083,151.316,0.000,0,24,0,8,8,3,100,0,0
1773391666.129519,151.316,0.000,0,24,0,8,8,3,100,0,0
1773391668.129338,151.316,0.000,0,24,0,8,8,3,100,0,0
1773391670.128358,151.320,0.000,0,24,0,8,8,3,100,0,0
1773391672.128667,151.320,0.000,0,24,0,8,8,3,100,0,0
1773391674.129570,151.320,0.000,0,24,0,8,8,3,100,0,0
1773391676.128992,151.234,0.000,0,24,0,8,8,3,100,0,0
1773391678.128758,151.234,0.000,0,24,0,8,8,3,100,0,0
1773391680.128815,151.234,0.000,0,24,0,8,8,3,100,0,0
1773391682.128932,150.977,0.000,0,24,0,8,8,3,100,0,0
1773391684.129969,150.977,0.000,0,24,0,8,8,3,100,0,0
1773391686.130113,150.977,0.000,0,24,0,8,8,3,100,0,0
1773391688.128809,150.977,0.000,0,24,0,8,8,3,100,0,0
1773391690.129143,150.980,0.000,0,24,0,8,8,3,100,0,0
1773391692.130164,150.980,0.000,0,24,0,8,8,3,100,0,0
1773391694.130284,150.980,0.000,0,24,0,8,8,3,100,0,0
1773391696.130194,150.980,0.000,0,24,0,8,8,3,100,0,0
1773391698.129525,150.980,0.000,0,24,0,8,8,3,100,0,0
1773391700.129333,150.980,0.000,0,24,0,8,8,3,100,0,0
1773391702.128957,150.980,0.000,0,24,0,8,8,3,100,0,0
1773391704.128731,150.980,0.000,0,24,0,8,8,3,100,0,0
1773391706.130775,150.980,0.000,0,24,0,8,8,3,100,0,0
1773391708.129863,150.980,0.000,0,24,0,8,8,3,100,0,0
1773391710.129056,150.988,0.000,0,24,0,8,8,3,100,0,0
1773391712.129139,150.930,0.000,0,24,0,8,8,3,100,0,0
1773391714.129211,150.930,0.000,0,24,0,8,8,3,100,0,0
1773391716.129237,150.930,0.000,0,24,0,8,8,3,100,0,0
1773391718.129527,150.930,0.000,0,24,0,8,8,3,100,0,0
1773391720.128649,150.930,0.000,0,24,0,8,8,3,100,0,0
1773391722.129212,150.930,0.000,0,24,0,8,8,3,100,0,0
1773391724.129325,150.930,0.000,0,24,0,8,8,3,100,0,0
1773391726.129050,150.930,0.000,0,24,0,8,8,3,100,0,0
1773391728.128737,150.930,0.000,0,24,0,8,8,3,100,0,0
1773391730.129371,150.934,0.000,0,24,0,8,8,3,100,0,0
1773391732.129722,150.934,0.000,0,24,0,8,8,3,100,0,0
1773391734.129155,150.934,0.000,0,24,0,8,8,3,100,0,0
1773391736.128985,150.934,0.000,0,24,0,8,8,3,100,0,0
1773391738.127979,150.934,0.000,0,24,0,8,8,3,100,0,0
1773391740.129684,150.934,0.000,0,24,0,8,8,3,100,0,0
1773391742.129344,150.934,0.000,0,24,0,8,8,3,100,0,0
1773391744.129204,150.934,0.000,0,24,0,8,8,3,100,0,0
1773391746.128693,150.934,0.000,0,24,0,8,8,3,100,0,0
1773391748.129559,150.934,0.000,0,24,0,8,8,3,100,0,0
1773391750.129069,150.938,0.000,0,24,0,8,8,3,100,0,0
1773391752.143162,150.938,0.000,0,24,0,8,8,3,100,0,0
1773391754.129332,150.938,0.000,0,24,0,8,8,3,100,0,0
1773391756.129491,150.938,0.000,0,24,0,8,8,3,100,0,0
1773391758.128938,150.938,0.000,0,24,0,8,8,3,100,0,0
1773391760.128681,150.938,0.000,0,24,0,8,8,3,100,0,0
1773391762.129340,150.938,0.000,0,24,0,8,8,3,100,0,0
1773391764.128004,150.938,0.000,0,24,0,8,8,3,100,0,0
1773391766.129984,150.938,0.000,0,24,0,8,8,3,100,0,0
1773391768.128695,150.938,0.000,0,24,0,8,8,3,100,0,0
1773391770.128606,150.941,0.000,0,24,0,8,8,3,100,0,0
1773391772.129455,150.941,0.000,0,24,0,8,8,3,100,0,0
1773391774.129117,150.938,0.000,0,24,0,8,8,3,100,0,0
1773391776.129363,150.938,0.000,0,24,0,8,8,3,100,0,0
1773391778.129307,150.938,0.000,0,24,0,8,8,3,100,0,0
1773391780.129195,150.938,0.000,0,24,0,8,8,3,100,0,0
1773391782.129086,150.938,0.000,0,24,0,8,8,3,100,0,0
1773391784.128852,150.938,0.000,0,24,0,8,8,3,100,0,0
1773391786.128617,150.938,0.000,0,24,0,8,8,3,100,0,0
1773391788.128915,150.938,0.000,0,24,0,8,8,3,100,0,0
1773391790.128727,150.941,0.000,0,24,0,8,8,3,100,0,0
1773391792.129925,150.941,0.000,0,24,0,8,8,3,100,0,0
1773391794.129212,150.941,0.000,0,24,0,8,8,3,100,0,0
1773391796.129395,150.941,0.000,0,24,0,8,8,3,100,0,0
1773391798.129628,150.945,0.000,0,24,0,8,8,3,100,0,0
1773391800.129681,150.945,0.000,0,24,0,8,8,3,100,0,0
1773391802.128588,150.945,0.000,0,24,0,8,8,3,100,0,0
1773391804.129444,150.945,0.000,0,24,0,8,8,3,100,0,0
1773391806.128624,150.945,0.000,0,24,0,8,8,3,100,0,0
1773391808.128947,150.945,0.000,0,24,0,8,8,3,100,0,0
1773391810.129583,150.949,0.000,0,24,0,8,8,3,100,0,0
1773391812.129013,150.949,0.000,0,24,0,8,8,3,100,0,0
1773391814.128193,150.949,0.000,0,24,0,8,8,3,100,0,0
1773391816.130150,150.949,0.000,0,24,0,8,8,3,100,0,0
1773391818.129211,150.949,0.000,0,24,0,8,8,3,100,0,0
1773391820.130078,150.949,0.000,0,24,0,8,8,3,100,0,0
1773391822.130378,150.949,0.000,0,24,0,8,8,3,100,0,0
1773391824.129754,150.949,0.000,0,24,0,8,8,3,100,0,0
1773391826.129615,150.949,0.000,0,24,0,8,8,3,100,0,0
1773392228.985126,150.066,0.000,0,24,0,8,8,3,100,0,0
1773392230.972842,150.070,0.000,0,24,0,8,8,3,100,0,0
1773392232.971785,150.074,0.000,0,24,0,8,8,3,100,0,0
1773392234.971888,150.074,0.000,0,24,0,8,8,3,100,0,0
1773392236.973031,150.078,0.000,0,24,0,8,8,3,100,0,0
1773392238.974101,150.078,0.000,0,24,0,8,8,3,100,0,0
1773392240.971997,150.078,0.000,0,24,0,8,8,3,100,0,0
1773392242.973799,150.082,0.000,0,24,0,8,8,3,100,0,0
1773392244.971737,150.082,0.000,0,24,0,8,8,3,100,0,0
1773392246.971641,150.082,0.000,0,24,0,8,8,3,100,0,0
1773392248.973021,150.082,0.000,0,24,0,8,8,3,100,0,0
1773392250.972697,150.082,0.000,0,24,0,8,8,3,100,0,0
1773392252.972238,150.082,0.000,0,24,0,8,8,3,100,0,0
1773392254.973711,149.828,0.000,0,24,0,8,8,3,100,0,0
1773392256.971713,149.828,0.000,0,24,0,8,8,3,100,0,0
1773392258.972978,149.828,0.000,0,24,0,8,8,3,100,0,0
1773392260.972115,149.828,0.000,0,24,0,8,8,3,100,0,0
1773392262.972504,149.832,0.000,0,24,0,8,8,3,100,0,0
1773392264.973306,149.832,0.000,0,24,0,8,8,3,100,0,0
1773392266.973521,149.832,0.000,0,24,0,8,8,3,100,0,0
1773392268.973378,149.832,0.000,0,24,0,8,8,3,100,0,0
1773392270.973754,149.836,0.000,0,24,0,8,8,3,100,0,0
1773392272.974501,149.836,0.000,0,24,0,8,8,3,100,0,0
1773392274.973213,149.836,0.000,0,24,0,8,8,3,100,0,0
1773392276.972509,149.836,0.000,0,24,0,8,8,3,100,0,0
1773392278.973432,149.836,0.000,0,24,0,8,8,3,100,0,0
1773392280.973179,149.836,0.000,0,24,0,8,8,3,100,0,0
1773392282.973040,149.840,0.000,0,24,0,8,8,3,100,0,0
1773392284.973594,149.785,0.000,0,24,0,8,8,3,100,0,0
1773392286.973063,149.785,0.000,0,24,0,8,8,3,100,0,0
1773392288.973263,149.785,0.000,0,24,0,8,8,3,100,0,0
1773392290.972235,149.785,0.000,0,24,0,8,8,3,100,0,0
1773392292.971755,149.785,0.000,0,24,0,8,8,3,100,0,0
1773392294.973647,149.785,0.000,0,24,0,8,8,3,100,0,0
1773392296.972506,149.785,0.000,0,24,0,8,8,3,100,0,0
1773392298.972738,149.785,0.000,0,24,0,8,8,3,100,0,0
1773392300.972978,149.785,0.000,0,24,0,8,8,3,100,0,0
1773392302.972987,149.789,0.000,0,24,0,8,8,3,100,0,0
1773392304.972877,149.789,0.000,0,24,0,8,8,3,100,0,0
1773392306.973433,149.789,0.000,0,24,0,8,8,3,100,0,0
1773392308.973183,149.789,0.000,0,24,0,8,8,3,100,0,0
1773392310.972731,149.789,0.000,0,24,0,8,8,3,100,0,0
1773392312.973751,149.789,0.000,0,24,0,8,8,3,100,0,0
1773392314.974179,149.789,0.000,0,24,0,8,8,3,100,0,0
1773392316.971733,149.789,0.000,0,24,0,8,8,3,100,0,0
1773392318.973968,149.789,0.000,0,24,0,8,8,3,100,0,0
1773392320.973030,149.789,0.000,0,24,0,8,8,3,100,0,0
1773392322.973412,149.793,0.000,0,24,0,8,8,3,100,0,0
1773392324.973376,149.793,0.000,0,24,0,8,8,3,100,0,0
1773392326.972957,149.793,0.000,0,24,0,8,8,3,100,0,0
1773392328.971682,149.793,0.000,0,24,0,8,8,3,100,0,0
1773392330.973005,149.793,0.000,0,24,0,8,8,3,100,0,0
1773392332.973525,149.793,0.000,0,24,0,8,8,3,100,0,0
1773392334.973289,149.793,0.000,0,24,0,8,8,3,100,0,0
1773392336.971685,149.793,0.000,0,24,0,8,8,3,100,0,0
1773392338.972689,149.793,0.000,0,24,0,8,8,3,100,0,0
1773392340.972423,149.793,0.000,0,24,0,8,8,3,100,0,0
1773392342.973251,149.797,0.000,0,24,0,8,8,3,100,0,0
1773392344.972692,149.797,0.000,0,24,0,8,8,3,100,0,0
1773392346.972790,149.797,0.000,0,24,0,8,8,3,100,0,0
1773392348.973155,149.812,0.000,0,24,0,8,8,3,100,0,0
1773392350.972763,149.812,0.000,0,24,0,8,8,3,100,0,0
1773392352.973904,149.812,0.000,0,24,0,8,8,3,100,0,0
1773392354.971728,149.812,0.000,0,24,0,8,8,3,100,0,0
1773392356.972824,149.816,0.000,0,24,0,8,8,3,100,0,0
1773392358.971783,149.816,0.000,0,24,0,8,8,3,100,0,0
1773392360.972473,149.816,0.000,0,24,0,8,8,3,100,0,0
1773392362.971679,149.820,0.000,0,24,0,8,8,3,100,0,0
1773392364.973909,149.820,0.000,0,24,0,8,8,3,100,0,0
1773392366.973413,149.820,0.000,0,24,0,8,8,3,100,0,0
1773392368.973854,149.820,0.000,0,24,0,8,8,3,100,0,0
1773392370.972034,149.820,0.000,0,24,0,8,8,3,100,0,0
1773392372.973660,149.820,0.000,0,24,0,8,8,3,100,0,0
1773392374.973446,149.820,0.000,0,24,0,8,8,3,100,0,0
1773392376.973349,149.820,0.000,0,24,0,8,8,3,100,0,0
1773392378.972456,149.820,0.000,0,24,0,8,8,3,100,0,0
1773392380.974011,149.820,0.000,0,24,0,8,8,3,100,0,0
1773392382.973851,149.824,0.000,0,24,0,8,8,3,100,0,0
1773392384.974067,149.824,0.000,0,24,0,8,8,3,100,0,0
1773392386.971772,149.824,0.000,0,24,0,8,8,3,100,0,0
1773392388.972797,149.824,0.000,0,24,0,8,8,3,100,0,0
1773392390.973241,149.824,0.000,0,24,0,8,8,3,100,0,0
1773392392.973681,149.824,0.000,0,24,0,8,8,3,100,0,0
1773392394.971985,149.824,0.000,0,24,0,8,8,3,100,0,0
1773392396.973133,149.824,0.000,0,24,0,8,8,3,100,0,0
1773392398.973656,149.824,0.000,0,24,0,8,8,3,100,0,0
1773392400.972647,149.824,0.000,0,24,0,8,8,3,100,0,0
1773392402.973843,149.828,0.000,0,24,0,8,8,3,100,0,0
1773392404.973805,149.816,0.000,0,24,0,8,8,3,100,0,0
1773392406.972722,149.816,0.000,0,24,0,8,8,3,100,0,0
1773392408.972208,149.816,0.000,0,24,0,8,8,3,100,0,0
1773392410.973551,149.816,0.000,0,24,0,8,8,3,100,0,0
1773392412.973981,149.816,0.000,0,24,0,8,8,3,100,0,0
1773392414.973799,149.816,0.000,0,24,0,8,8,3,100,0,0
1773392416.972982,149.816,0.000,0,24,0,8,8,3,100,0,0
1773392418.973187,149.816,0.000,0,24,0,8,8,3,100,0,0
1773392420.973057,149.816,0.000,0,24,0,8,8,3,100,0,0
1773392422.973657,149.820,0.000,0,24,0,8,8,3,100,0,0
1773392424.971914,149.820,0.000,0,24,0,8,8,3,100,0,0
1773392426.972154,149.820,0.000,0,24,0,8,8,3,100,0,0
1773392428.972893,149.820,0.000,0,24,0,8,8,3,100,0,0
1773392430.972795,149.820,0.000,0,24,0,8,8,3,100,0,0
1773392432.972616,149.820,0.000,0,24,0,8,8,3,100,0,0
1773392434.973765,149.820,0.000,0,24,0,8,8,3,100,0,0
1773392436.975483,149.820,0.000,0,24,0,8,8,3,100,0,0
1773392438.972029,149.820,0.000,0,24,0,8,8,3,100,0,0
1773392440.974406,149.820,0.000,0,24,0,8,8,3,100,0,0
1773392442.972670,149.824,0.000,0,24,0,8,8,3,100,0,0
1773392444.972777,149.824,0.000,0,24,0,8,8,3,100,0,0
1773392446.972182,149.824,0.000,0,24,0,8,8,3,100,0,0
1773392448.973811,149.824,0.000,0,24,0,8,8,3,100,0,0
1773392450.973511,149.824,0.000,0,24,0,8,8,3,100,0,0
1773392452.974382,149.824,0.000,0,24,0,8,8,3,100,0,0
1773392454.972876,149.824,0.000,0,24,0,8,8,3,100,0,0
1773392456.974118,149.824,0.000,0,24,0,8,8,3,100,0,0
1773392458.973411,149.824,0.000,0,24,0,8,8,3,100,0,0
1773392460.974220,149.824,0.000,0,24,0,8,8,3,100,0,0
1773392462.973578,149.828,0.000,0,24,0,8,8,3,100,0,0
1773392464.972508,149.828,0.000,0,24,0,8,8,3,100,0,0
1773392466.972531,149.828,0.000,0,24,0,8,8,3,100,0,0
1773392468.973504,149.828,0.000,0,24,0,8,8,3,100,0,0
1773392470.972493,149.828,0.000,0,24,0,8,8,3,100,0,0
1773392472.972815,149.828,0.000,0,24,0,8,8,3,100,0,0
1773392474.972738,149.828,0.000,0,24,0,8,8,3,100,0,0
1773392476.973622,149.828,0.000,0,24,0,8,8,3,100,0,0
1773392478.973908,149.828,0.000,0,24,0,8,8,3,100,0,0
1773392480.973139,149.828,0.000,0,24,0,8,8,3,100,0,0
1773392482.974753,149.832,0.000,0,24,0,8,8,3,100,0,0
1773392484.974222,149.836,0.000,0,24,0,8,8,3,100,0,0
1773392486.973743,149.836,0.000,0,24,0,8,8,3,100,0,0
1773392488.973594,149.836,0.000,0,24,0,8,8,3,100,0,0
1773392490.973642,149.836,0.000,0,24,0,8,8,3,100,0,0
1773392492.972314,149.836,0.000,0,24,0,8,8,3,100,0,0
1773392494.973757,149.836,0.000,0,24,0,8,8,3,100,0,0
1773392496.972704,149.836,0.000,0,24,0,8,8,3,100,0,0
1773392498.972185,149.836,0.000,0,24,0,8,8,3,100,0,0
1773392500.972536,149.836,0.000,0,24,0,8,8,3,100,0,0
1773392502.972534,149.840,0.000,0,24,0,8,8,3,100,0,0
1773392504.973633,149.840,0.000,0,24,0,8,8,3,100,0,0
1773392506.973825,149.840,0.000,0,24,0,8,8,3,100,0,0
1773392508.973981,149.840,0.000,0,24,0,8,8,3,100,0,0
1773392510.973132,149.840,0.000,0,24,0,8,8,3,100,0,0
1773392512.972494,149.840,0.000,0,24,0,8,8,3,100,0,0
1773392514.973019,149.840,0.000,0,24,0,8,8,3,100,0,0
1773392516.974064,149.840,0.000,0,24,0,8,8,3,100,0,0
1773392518.973299,149.840,0.000,0,24,0,8,8,3,100,0,0
1773392520.972597,149.840,0.000,0,24,0,8,8,3,100,0,0
1773392522.972640,149.844,0.000,0,24,0,8,8,3,100,0,0
1773392524.972187,149.895,0.000,0,24,0,8,8,3,100,0,0
1773392526.973730,149.895,0.000,0,24,0,8,8,3,100,0,0
1773392528.973327,149.898,0.000,0,24,0,8,8,3,100,0,0
1773392530.973661,149.898,0.000,0,24,0,8,8,3,100,0,0
1773392532.973657,149.898,0.000,0,24,0,8,8,3,100,0,0
1773392534.973653,149.898,0.000,0,24,0,8,8,3,100,0,0
1773392536.973557,149.898,0.000,0,24,0,8,8,3,100,0,0
1773392538.974528,149.898,0.000,0,24,0,8,8,3,100,0,0
1773392540.974576,149.898,0.000,0,24,0,8,8,3,100,0,0
1773392542.972997,149.902,0.000,0,24,0,8,8,3,100,0,0
1773392544.973797,149.902,0.000,0,24,0,8,8,3,100,0,0
1773392546.973434,149.902,0.000,0,24,0,8,8,3,100,0,0
1773392548.973839,149.902,0.000,0,24,0,8,8,3,100,0,0
1773392550.973257,149.902,0.000,0,24,0,8,8,3,100,0,0
1773392552.972808,149.902,0.000,0,24,0,8,8,3,100,0,0
1773392554.972203,149.902,0.000,0,24,0,8,8,3,100,0,0
1773392556.972318,149.902,0.000,0,24,0,8,8,3,100,0,0
1773392558.973627,149.902,0.000,0,24,0,8,8,3,100,0,0
1773392560.973373,149.902,0.000,0,24,0,8,8,3,100,0,0
1773393002.016600,151.320,0.000,0,24,0,8,8,3,100,0,0
1773393004.004371,151.324,0.000,0,24,0,8,8,3,100,0,0
1773393006.004323,151.387,0.000,0,24,0,8,8,3,100,0,0
1773393008.004389,161.180,0.022,0,24,0,8,8,3,100,0,0
1773393010.003781,166.918,0.015,0,24,0,8,8,3,100,0,0
1773393012.004186,171.207,3.313,24,24,62,2,2,1,100,1,0
1773393014.003777,171.484,4.844,24,24,167,2,2,1,100,1,0
1773393016.006730,171.754,2.856,24,24,271,2,2,1,100,1,0
1773393018.004397,172.168,2.761,24,24,376,2,2,1,100,1,0
1773393020.003809,172.375,3.025,24,24,481,2,2,1,100,1,0
1773393022.004940,172.672,4.091,24,24,586,2,2,1,100,1,0
1773393024.010971,172.910,4.638,24,24,690,2,2,1,100,1,0
1773393026.003534,173.273,4.839,24,24,795,2,2,1,100,1,0
1773393028.003237,173.301,4.339,24,24,900,2,2,1,100,1,0
1773393030.005652,173.527,3.358,24,24,1004,2,2,1,100,1,0
1773393032.004126,173.746,3.423,24,24,1109,2,2,1,100,1,0
1773393034.003584,173.969,4.776,24,24,1214,2,2,1,100,1,0
1773393036.003747,174.188,5.042,24,24,1320,2,2,1,100,1,0
1773393038.003108,177.305,1.844,24,24,1424,2,2,1,100,1,0
1773393040.004118,177.316,4.568,24,24,1529,2,2,1,100,1,0
1773393042.004253,177.637,3.923,24,24,1634,2,2,1,100,1,0
1773393044.008810,177.941,4.375,24,24,1738,2,2,1,100,1,0
1773393046.004549,178.090,2.910,24,24,1842,2,2,1,100,1,0
1773393048.003332,178.434,4.963,24,24,1948,2,2,1,100,1,0
1773393050.004298,178.629,2.532,24,24,2053,2,2,1,100,1,0
1773393052.013575,178.902,2.662,24,24,2157,2,2,1,100,1,0
1773393054.012872,179.262,2.793,24,24,2262,2,2,1,100,1,0
1773393056.003020,179.480,2.637,24,24,2367,2,2,1,100,1,0
1773393058.007801,179.688,2.997,24,24,2471,2,2,1,100,1,0
1773393060.007783,179.859,2.902,24,24,2576,2,2,1,100,1,0
1773393062.003558,180.055,2.506,24,24,2682,2,2,1,100,1,0
1773393064.003941,180.223,2.600,24,24,2787,2,2,1,100,1,0
1773393066.009023,180.371,4.819,24,24,2890,2,2,1,100,1,0
1773393068.003057,180.547,4.790,24,24,2996,2,2,1,100,1,0
1773393070.003888,180.660,2.907,24,24,3101,2,2,1,100,1,0
1773393072.005517,180.859,3.886,23,24,3205,2,2,1,100,1,0
1773393074.005439,180.984,4.860,24,24,3310,2,2,1,100,1,0
1773393076.003705,181.367,2.586,24,24,3415,2,2,1,100,1,0
1773393078.004257,181.453,2.837,24,24,3520,2,2,1,100,1,0
1773393080.010302,181.609,2.913,24,24,3624,2,2,1,100,1,0
1773393082.003412,181.980,2.822,24,24,3729,2,2,1,100,1,0
1773393084.003661,182.227,3.315,24,24,3834,2,2,1,100,1,0
1773393086.006492,182.285,3.363,23,24,3939,2,2,1,100,1,0
1773393088.003524,182.297,3.120,24,24,4044,2,2,1,100,1,0
1773393090.003890,182.336,3.674,24,24,4149,2,2,1,100,1,0
1773393092.003725,182.480,4.870,24,24,4254,2,2,1,100,1,0
1773393094.003887,182.602,3.422,24,24,4358,2,2,1,100,1,0
1773393096.003165,182.820,4.352,24,24,4463,2,2,1,100,1,0
1773393098.003143,182.988,3.688,24,24,4568,2,2,1,100,1,0
1773393100.004376,183.184,4.614,24,24,4673,2,2,1,100,1,0
1773393102.004963,183.262,2.768,23,24,4777,2,2,1,100,1,0
1773393104.005496,183.375,4.179,24,24,4882,2,2,1,100,1,0
1773393106.004406,183.648,2.852,24,24,4987,2,2,1,100,1,0
1773393108.005304,183.902,2.878,24,24,5092,2,2,1,100,1,0
1773393110.008735,184.035,2.877,24,24,5196,2,2,1,100,1,0
1773393112.003700,184.262,2.851,24,24,5301,2,2,1,100,1,0
1773393114.003780,184.391,3.782,24,24,5407,2,2,1,100,1,0
1773393116.004388,184.559,2.766,23,24,5511,2,2,1,100,1,0
1773393118.003136,184.676,4.028,24,24,5616,2,2,1,100,1,0
1773393120.003659,184.637,2.814,24,24,5721,2,2,1,100,1,0
1773393122.004677,185.004,3.188,24,24,5826,2,2,1,100,1,0
1773393124.018698,185.137,3.087,24,24,5931,2,2,1,100,1,0
1773393126.019016,185.238,2.873,24,24,6036,2,2,1,100,1,0
1773393128.019444,185.453,2.835,24,24,6141,2,2,1,100,1,0
1773393130.030835,185.570,2.818,24,24,6245,2,2,1,100,1,0
1773393132.019541,185.770,2.869,24,24,6350,2,2,1,100,1,0
1773393134.018760,185.906,2.960,24,24,6455,2,2,1,100,1,0
1773393136.024690,186.035,2.818,24,24,6559,2,2,1,100,1,0
1773393162.735395,150.160,0.000,0,24,0,8,8,3,100,0,0
1773393164.721892,150.109,0.000,0,24,0,8,8,3,100,0,0
1773393166.722965,150.109,0.000,0,24,0,8,8,3,100,0,0
1773393168.722174,150.113,0.000,0,24,0,8,8,3,100,0,0
1773393170.723831,150.113,0.000,0,24,0,8,8,3,100,0,0
1773393172.722927,150.113,0.000,0,24,0,8,8,3,100,0,0
1773393174.724626,150.113,0.000,0,24,0,8,8,3,100,0,0
1773393176.723059,150.117,0.000,0,24,0,8,8,3,100,0,0
1773393178.722975,150.117,0.000,0,24,0,8,8,3,100,0,0
1773393180.723421,150.117,0.000,0,24,0,8,8,3,100,0,0
1773393182.723542,150.117,0.000,0,24,0,8,8,3,100,0,0
1773393184.722253,150.117,0.000,0,24,0,8,8,3,100,0,0
1773393186.724613,150.117,0.000,0,24,0,8,8,3,100,0,0
1773393188.723610,149.859,0.000,0,24,0,8,8,3,100,0,0
1773393190.721973,149.859,0.000,0,24,0,8,8,3,100,0,0
1773393192.723526,149.859,0.000,0,24,0,8,8,3,100,0,0
1773393194.723376,149.859,0.000,0,24,0,8,8,3,100,0,0
1773393196.722716,149.863,0.000,0,24,0,8,8,3,100,0,0
1773393198.723864,149.863,0.000,0,24,0,8,8,3,100,0,0
1773393200.721864,149.863,0.000,0,24,0,8,8,3,100,0,0
1773393202.722385,149.863,0.000,0,24,0,8,8,3,100,0,0
1773393204.722238,149.863,0.000,0,24,0,8,8,3,100,0,0
1773393206.722211,149.867,0.000,0,24,0,8,8,3,100,0,0
1773393208.723376,149.867,0.000,0,24,0,8,8,3,100,0,0
1773393210.723680,149.867,0.000,0,24,0,8,8,3,100,0,0
1773393212.721958,149.867,0.000,0,24,0,8,8,3,100,0,0
1773393214.722177,149.867,0.000,0,24,0,8,8,3,100,0,0
1773393216.722615,149.871,0.000,0,24,0,8,8,3,100,0,0
1773393218.722174,149.812,0.000,0,24,0,8,8,3,100,0,0
1773393220.724172,149.820,0.000,0,24,0,8,8,3,100,0,0
1773393222.722286,149.820,0.000,0,24,0,8,8,3,100,0,0
1773393224.722278,149.820,0.000,0,24,0,8,8,3,100,0,0
1773393226.722131,149.820,0.000,0,24,0,8,8,3,100,0,0
1773393228.723349,149.820,0.000,0,24,0,8,8,3,100,0,0
1773393230.722624,149.820,0.000,0,24,0,8,8,3,100,0,0
1773393232.722413,149.820,0.000,0,24,0,8,8,3,100,0,0
1773393234.722827,149.820,0.000,0,24,0,8,8,3,100,0,0
1773393236.723644,149.824,0.000,0,24,0,8,8,3,100,0,0
1773393238.722965,149.824,0.000,0,24,0,8,8,3,100,0,0
1773393240.722552,149.824,0.000,0,24,0,8,8,3,100,0,0
1773393242.723107,149.824,0.000,0,24,0,8,8,3,100,0,0
1773393244.723999,149.824,0.000,0,24,0,8,8,3,100,0,0
1773393246.722331,149.824,0.000,0,24,0,8,8,3,100,0,0
1773393248.721974,149.824,0.000,0,24,0,8,8,3,100,0,0
1773393250.722073,149.824,0.000,0,24,0,8,8,3,100,0,0
1773393252.721776,149.824,0.000,0,24,0,8,8,3,100,0,0
1773393254.722153,149.824,0.000,0,24,0,8,8,3,100,0,0
1773393256.721801,149.828,0.000,0,24,0,8,8,3,100,0,0
1773393258.722671,149.836,0.000,0,24,0,8,8,3,100,0,0
1773393260.722401,149.836,0.000,0,24,0,8,8,3,100,0,0
1773393262.722178,149.836,0.000,0,24,0,8,8,3,100,0,0
1773393264.721797,149.855,0.000,0,24,0,8,8,3,100,0,0
1773393266.722351,149.855,0.000,0,24,0,8,8,3,100,0,0
1773393268.723670,160.676,0.025,0,24,0,8,8,3,100,0,0
1773393270.724149,166.074,0.021,0,24,0,8,8,3,100,0,0
1773393272.723928,170.320,2.494,24,24,8,6,6,1,100,1,0
1773393274.725027,170.805,2.771,24,24,112,2,2,1,100,1,0
1773393276.721992,171.109,2.632,24,24,218,2,2,1,100,1,0
1773393278.723365,171.414,2.896,24,24,322,2,2,1,100,1,0
1773393280.723583,171.695,3.198,23,24,427,2,2,1,100,1,0
1773393282.726281,172.082,4.084,24,24,531,2,2,1,100,1,0
1773393284.722805,172.391,3.035,24,24,637,2,2,1,100,1,0
1773393286.723342,172.543,3.805,24,24,742,2,2,1,100,1,0
1773393288.722979,172.660,2.830,24,24,845,2,2,1,100,1,0
1773393290.722332,172.848,0.316,24,24,887,2,2,1,100,1,0
1773393292.722718,173.250,4.465,24,24,974,2,2,1,100,1,0
1773393294.726599,173.520,3.140,23,24,1077,2,2,1,100,1,0
1773393296.723188,173.656,2.922,24,24,1182,2,2,1,100,1,0
1773393298.722160,173.957,2.829,24,24,1288,2,2,1,100,1,0
1773393300.722368,174.109,3.347,24,24,1392,2,2,1,100,1,0
1773393302.724565,174.293,2.720,24,24,1496,2,2,1,100,1,0
1773393304.722070,174.605,3.172,24,24,1601,2,2,1,100,1,0
1773393306.722524,174.879,5.342,24,24,1706,2,2,1,100,1,0
1773393308.725986,175.082,2.777,24,24,1811,2,2,1,100,1,0
1773393310.723278,175.355,2.881,24,24,1916,2,2,1,100,1,0
1773393312.723132,175.555,3.060,24,24,2021,2,2,1,100,1,0
1773393314.723294,175.891,2.957,24,24,2125,2,2,1,100,1,0
1773393316.757144,176.109,4.861,24,24,2229,2,2,1,100,1,0
1773393318.723006,176.457,2.652,24,24,2335,2,2,1,100,1,0
1773393320.722573,176.637,2.522,24,24,2440,2,2,1,100,1,0
1773393322.726674,176.961,2.970,23,24,2545,2,2,1,100,1,0
1773393324.722952,177.129,4.051,24,24,2649,2,2,1,100,1,0
1773393326.722869,177.188,4.557,24,24,2754,2,2,1,100,1,0
1773393328.721930,177.402,3.425,24,24,2859,2,2,1,100,1,0
1773393330.729551,177.543,3.519,24,24,2964,2,2,1,100,1,0
1773393332.723432,177.691,2.135,24,24,3069,2,2,1,100,1,0
1773393334.723237,177.887,2.410,24,24,3174,2,2,1,100,1,0
1773393336.726266,178.059,2.401,23,24,3278,2,2,1,100,1,0
1773393338.724329,178.312,5.573,24,24,3383,2,2,1,100,1,0
1773393340.722349,178.410,2.149,24,24,3488,2,2,1,100,1,0
1773393342.722780,178.590,2.943,24,24,3593,2,2,1,100,1,0
1773393344.731689,178.793,2.290,24,24,3697,2,2,1,100,1,0
1773393346.722372,179.035,2.211,24,24,3802,2,2,1,100,1,0
1773393348.721982,179.309,2.728,24,24,3907,2,2,1,100,1,0
1773393350.725577,179.508,2.423,24,24,4012,2,2,1,100,1,0
1773393352.721751,179.629,2.731,24,24,4116,2,2,1,100,1,0
1773393354.721825,179.867,5.857,24,24,4222,2,2,1,100,1,0
1773393356.722711,179.961,3.636,24,24,4326,2,2,1,100,1,0
1773393358.731623,180.141,2.188,24,24,4431,2,2,1,100,1,0
1773393360.722921,180.328,4.086,24,24,4536,2,2,1,100,1,0
1773393362.722664,180.516,2.424,24,24,4641,2,2,1,100,1,0
1773393364.725653,180.781,2.395,24,24,4745,2,2,1,100,1,0
1773393366.723139,180.953,2.204,24,24,4850,2,2,1,100,1,0
1773393368.722535,181.160,2.525,24,24,4955,2,2,1,100,1,0
1773393370.723680,181.359,2.382,24,24,5060,2,2,1,100,1,0
1773393372.724652,181.523,2.190,24,24,5164,2,2,1,100,1,0
1773393374.722288,181.676,2.174,24,24,5269,2,2,1,100,1,0
1773393376.723301,181.762,2.913,24,24,5375,2,2,1,100,1,0
1773393378.724314,181.969,2.226,24,24,5479,2,2,1,100,1,0
1773393380.723833,182.199,3.918,24,24,5584,2,2,1,100,1,0
1773393382.721764,182.043,3.788,24,24,5688,2,2,1,100,1,0
1773393384.722731,182.238,2.246,24,24,5794,2,2,1,100,1,0
1773393386.729234,182.328,2.736,24,24,5898,2,2,1,100,1,0
1773393388.723542,182.449,2.778,24,24,6003,2,2,1,100,1,0
1773393390.722450,182.668,4.693,24,24,6108,2,2,1,100,1,0
1773393392.727507,182.891,5.365,24,24,6212,2,2,1,100,1,0
1773393394.722470,183.059,3.028,24,24,6317,2,2,1,100,1,0
1773393396.723367,183.332,3.700,24,24,6422,2,2,1,100,1,0
1773393398.722626,183.359,3.422,24,24,6527,2,2,1,100,1,0
1773393400.723933,183.727,2.499,24,24,6631,2,2,1,100,1,0
1773393402.723336,184.082,3.698,24,24,6736,2,2,1,100,1,0
1773393404.722120,184.242,2.285,24,24,6841,2,2,1,100,1,0
1773393406.726835,184.414,2.571,24,24,6946,2,2,1,100,1,0
1773393408.723883,184.555,2.397,24,24,7051,2,2,1,100,1,0
1773393410.722897,184.664,2.492,24,24,7156,2,2,1,100,1,0
1773393412.724453,184.754,3.017,24,24,7260,2,2,1,100,1,0
1773393414.726346,184.902,2.520,24,24,7364,2,2,1,100,1,0
1773393416.723527,184.961,2.882,24,24,7470,2,2,1,100,1,0
1773393418.722007,185.098,2.220,24,24,7575,2,2,1,100,1,0
1773393420.726094,185.238,2.242,24,24,7679,2,2,1,100,1,0
1773393422.725150,185.445,2.182,24,24,7784,2,2,1,100,1,0
1773393424.722907,185.203,2.409,24,24,7889,2,2,1,100,1,0
1773393426.722545,185.332,2.771,24,24,7994,2,2,1,100,1,0
1773393428.723634,185.480,3.151,24,24,8098,2,2,1,100,1,0
1773393430.722305,185.598,2.268,24,24,8204,2,2,1,100,1,0
1773393432.722905,185.801,2.864,24,24,8309,2,2,1,100,1,0
1773393434.726776,185.988,3.183,24,24,8412,2,2,1,100,1,0
1773393436.723070,185.918,2.494,24,24,8518,2,2,1,100,1,0
1773393438.723031,185.906,2.190,24,24,8623,2,2,1,100,1,0
1773393440.724181,186.059,2.647,24,24,8728,2,2,1,100,1,0
1773393442.724975,186.098,2.730,24,24,8831,2,2,1,100,1,0
1773393444.724059,186.172,3.545,24,24,8938,2,2,1,100,1,0
1773393446.722634,186.160,2.660,24,24,9042,2,2,1,100,1,0
1773393448.725289,186.207,2.364,24,24,9146,2,2,1,100,1,0
1773393450.723740,186.316,3.173,24,24,9252,2,2,1,100,1,0
1773393452.723337,186.172,2.741,24,24,9356,2,2,1,100,1,0
1773393454.724769,186.191,2.482,24,24,9462,2,2,1,100,1,0
1773393456.724939,186.180,2.586,24,24,9566,2,2,1,100,1,0
1773393458.722421,186.254,2.722,24,24,9670,2,2,1,100,1,0
1773393460.722408,186.344,2.210,24,24,9776,2,2,1,100,1,0
1773393462.726284,186.355,2.349,24,24,9880,2,2,1,100,1,0
1773393464.722439,186.520,2.944,24,24,9985,2,2,1,100,1,0
1773393466.722544,186.648,2.261,24,24,10089,2,2,1,100,1,0
1773393468.723298,186.766,2.668,24,24,10195,2,2,1,100,1,0
1773393470.724461,186.695,2.425,24,24,10298,2,2,1,100,1,0
1773393472.723147,186.758,2.128,24,24,10404,2,2,1,100,1,0
1773393474.722844,186.879,2.406,24,24,10510,2,2,1,100,1,0
1773393476.724541,186.785,2.161,24,24,10613,2,2,1,100,1,0
1773393478.722323,186.953,3.184,24,24,10718,2,2,1,100,1,0
1773393480.723178,187.020,2.660,24,24,10823,2,2,1,100,1,0
1773393482.722561,186.844,2.321,24,24,10929,2,2,1,100,1,0
1773393484.725254,187.004,2.917,24,24,11033,2,2,1,100,1,0
1773393486.723410,187.008,2.376,24,24,11137,2,2,1,100,1,0
1773393488.721779,187.059,2.277,24,24,11243,2,2,1,100,1,0
1773393490.725651,187.027,2.334,24,24,11347,2,2,1,100,1,0
1773393492.722900,187.164,3.311,24,24,11452,2,2,1,100,1,0
1773393494.722788,187.289,2.515,24,24,11557,2,2,1,100,1,0
1773393496.723888,187.258,2.449,24,24,11662,2,2,1,100,1,0
1773393498.726252,187.285,3.028,24,24,11766,2,2,1,100,1,0
1773393500.723516,187.359,2.586,24,24,11871,2,2,1,100,1,0
1773393502.722295,187.383,4.052,24,24,11976,2,2,1,100,1,0
1773393504.723631,187.391,3.506,23,24,12081,2,2,1,100,1,0
1773393506.723471,187.297,2.444,24,24,12186,2,2,1,100,1,0
1773393508.722182,187.258,3.639,24,24,12290,2,2,1,100,1,0
1773393510.724530,187.387,4.333,24,24,12396,2,2,1,100,1,0
1773393512.724969,187.199,2.273,24,24,12500,2,2,1,100,1,0
1773393514.722970,187.293,2.528,24,24,12605,2,2,1,100,1,0
1773393516.722117,187.336,2.258,24,24,12710,2,2,1,100,1,0
1773393518.726113,187.434,2.167,24,24,12814,2,2,1,100,1,0
1773393520.721907,187.414,2.321,24,24,12919,2,2,1,100,1,0
1773393522.722448,187.488,2.396,24,24,13024,2,2,1,100,1,0
1773393524.722737,187.668,2.355,24,24,13129,2,2,1,100,1,0
1773393526.728698,187.684,2.338,24,24,13233,2,2,1,100,1,0
1773393528.722438,187.645,3.090,24,24,13338,2,2,1,100,1,0
1773393530.721965,187.684,2.540,24,24,13443,2,2,1,100,1,0
1773393532.726066,187.848,2.296,24,24,13548,2,2,1,100,1,0
1773393534.721745,187.863,2.812,24,24,13652,2,2,1,100,1,0
1773393536.722063,187.934,2.477,24,24,13757,2,2,1,100,1,0
1773393538.723322,187.984,1.054,24,24,13834,2,2,1,100,1,0
1773393540.724432,187.719,0.316,4,24,13834,8,8,3,100,1,0
1773393542.721723,187.875,3.036,24,24,13951,2,2,1,100,1,0
1773393544.723107,187.879,2.728,24,24,14097,2,2,1,100,1,0
1773393546.722962,187.910,2.633,23,24,14243,2,2,1,100,1,0
1773393548.723041,187.895,3.103,24,24,14388,2,2,1,100,1,0
1773393550.722287,187.914,3.164,24,24,14534,2,2,1,100,1,0
1773393552.724287,187.961,2.082,24,24,14681,2,2,1,100,1,0
1773393554.729044,188.141,2.252,24,24,14826,2,2,1,100,1,0
1773393556.722177,188.172,2.011,24,24,14972,2,2,1,100,1,0
1773393558.722196,188.133,2.537,24,24,15118,2,2,1,100,1,0
1773393560.725899,188.168,1.869,24,24,15262,2,2,1,100,1,0
1773393562.722817,188.316,3.204,24,24,15410,2,2,1,100,1,0
1773393564.723157,188.320,2.643,24,24,15555,2,2,1,100,1,0
1773393566.722631,188.375,2.245,24,24,15702,2,2,1,100,1,0
1773393568.725649,188.410,2.256,24,24,15846,2,2,1,100,1,0
1773393570.722215,188.332,2.835,24,24,15992,2,2,1,100,1,0
1773393572.721899,188.379,2.216,24,24,16138,2,2,1,100,1,0
1773393574.725237,188.461,1.958,23,24,16284,2,2,1,100,1,0
1773393576.722390,188.543,2.596,24,24,16430,2,2,1,100,1,0
1773393578.723327,188.441,1.988,24,24,16576,2,2,1,100,1,0
1773393580.723627,188.551,1.840,24,24,16722,2,2,1,100,1,0
1773393582.726742,188.699,1.996,24,24,16867,2,2,1,100,1,0
1773393584.723253,188.727,1.747,24,24,17014,2,2,1,100,1,0
1773393586.722411,188.875,1.623,24,24,17159,2,2,1,100,1,0
1773393588.726455,188.922,1.801,24,24,17304,2,2,1,100,1,0
1773393590.725448,188.879,2.824,24,24,17451,2,2,1,100,1,0
1773393592.722489,189.074,2.549,24,24,17596,2,2,1,100,1,0
1773393594.722964,189.102,2.859,24,24,17719,2,2,1,100,1,0
1773393596.725371,189.188,2.552,24,24,17863,2,2,1,100,1,0
1773393598.722666,189.176,2.911,24,24,18009,2,2,1,100,1,0
1773393600.722820,188.582,2.514,24,24,18157,2,2,1,100,1,0
1773393602.725051,188.449,2.703,24,24,18301,2,2,1,100,1,0
1773393604.723138,188.500,2.949,24,24,18448,2,2,1,100,1,0
1773393606.723362,188.539,2.300,24,24,18594,2,2,1,100,1,0
1773393608.725089,188.492,3.152,24,24,18739,2,2,1,100,1,0
1773393610.722475,188.562,1.599,24,24,18884,2,2,1,100,1,0
1773393612.723460,188.609,1.909,24,24,19031,2,2,1,100,1,0
1773393614.722902,188.621,1.520,24,24,19177,2,2,1,100,1,0
1773393616.727277,188.582,1.392,24,24,19322,2,2,1,100,1,0
1773393618.722962,188.633,1.638,24,24,19468,2,2,1,100,1,0
1773393620.722902,188.648,1.765,24,24,19614,2,2,1,100,1,0
1773393622.721995,188.676,1.676,24,24,19760,2,2,1,100,1,0
1773393624.724243,188.641,2.140,24,24,19906,2,2,1,100,1,0
1773393626.723130,188.664,1.389,24,24,20052,2,2,1,100,1,0
1773393628.723072,188.734,1.584,24,24,20198,2,2,1,100,1,0
1773393630.732634,188.766,2.884,24,24,20343,2,2,1,100,1,0
1773393632.722414,188.781,1.525,24,24,20489,2,2,1,100,1,0
1773393634.722904,188.871,1.639,24,24,20635,2,2,1,100,1,0
1773393636.723720,188.875,1.780,24,24,20781,2,2,1,100,1,0
1773393638.722306,188.879,1.630,24,24,20926,2,2,1,100,1,0
1773393640.723521,189.043,1.540,24,24,21072,2,2,1,100,1,0
1773393642.721928,189.129,1.527,24,24,21219,2,2,1,100,1,0
1773393644.722448,189.188,1.426,24,24,21364,2,2,1,100,1,0
1773393677.531737,151.320,0.000,0,24,0,8,8,3,100,0,0
1773393679.519332,151.320,0.000,0,24,0,8,8,3,100,0,0
1773393681.519491,151.395,0.000,0,24,0,8,8,3,100,0,0
1773393683.518794,151.363,0.000,0,24,0,8,8,3,100,0,0
1773393685.520072,151.363,0.000,0,24,0,8,8,3,100,0,0
1773393687.518612,151.363,0.000,0,24,0,8,8,3,100,0,0
1773393689.519262,151.363,0.000,0,24,0,8,8,3,100,0,0
1773393691.519952,151.383,0.000,0,24,0,8,8,3,100,0,0
1773393693.519815,151.383,0.000,0,24,0,8,8,3,100,0,0
1773393695.519440,151.383,0.000,0,24,0,8,8,3,100,0,0
1773393697.519299,161.285,0.019,0,24,0,8,8,3,100,0,0
1773393699.518757,167.172,0.016,0,24,0,8,8,3,100,0,0
1773393701.520062,171.273,2.274,24,24,49,2,2,1,100,1,0
1773393703.520120,171.398,3.876,24,24,155,2,2,1,100,1,0
1773393705.519441,171.750,2.398,24,24,260,2,2,1,100,1,0
1773393707.520390,172.145,2.797,24,24,365,2,2,1,100,1,0
1773393709.524668,172.391,4.061,23,24,468,2,2,1,100,1,0
1773393711.520016,172.664,6.247,24,24,574,2,2,1,100,1,0
1773393713.519796,172.926,5.312,24,24,679,2,2,1,100,1,0
1773393715.521003,173.211,2.391,23,24,783,2,2,1,100,1,0
1773393717.519267,173.426,5.299,24,24,888,2,2,1,100,1,0
1773393719.519567,173.816,3.889,24,24,993,2,2,1,100,1,0
1773393721.520056,174.086,4.230,24,24,1098,2,2,1,100,1,0
1773393723.520061,174.250,3.622,24,24,1202,2,2,1,100,1,0
1773393725.518901,174.426,2.342,24,24,1308,2,2,1,100,1,0
1773393727.519165,174.656,2.753,24,24,1412,2,2,1,100,1,0
1773393729.523922,174.863,2.522,24,24,1517,2,2,1,100,1,0
1773393731.520035,174.855,2.527,24,24,1622,2,2,1,100,1,0
1773393733.520154,174.984,1.930,24,24,1727,2,2,1,100,1,0
1773393735.519515,175.199,2.785,24,24,1831,2,2,1,100,1,0
1773393737.525316,175.492,2.594,24,24,1936,2,2,1,100,1,0
1773393739.519716,175.738,4.244,24,24,2041,2,2,1,100,1,0
1773393741.519196,175.887,3.431,24,24,2146,2,2,1,100,1,0
1773393743.525095,176.156,3.471,24,24,2250,2,2,1,100,1,0
1773393745.519550,176.426,4.464,24,24,2356,2,2,1,100,1,0
1773393747.520193,176.539,3.580,24,24,2460,2,2,1,100,1,0
1773393749.518639,176.852,3.415,24,24,2566,2,2,1,100,1,0
1773393751.519427,177.176,4.329,24,24,2669,2,2,1,100,1,0
1773393753.519729,177.375,4.590,24,24,2775,2,2,1,100,1,0
1773393755.519997,177.562,6.063,24,24,2880,2,2,1,100,1,0
1773393757.519892,177.508,4.284,23,24,2984,2,2,1,100,1,0
1773393759.519131,177.613,4.317,24,24,3088,2,2,1,100,1,0
1773393761.519753,177.977,3.183,24,24,3193,2,2,1,100,1,0
1773393763.520148,178.227,4.088,24,24,3299,2,2,1,100,1,0
1773393765.521282,178.465,2.742,24,24,3402,2,2,1,100,1,0
1773393767.519050,178.770,2.091,24,24,3508,2,2,1,100,1,0
1773393769.518819,178.977,3.064,24,24,3613,2,2,1,100,1,0
1773393771.521054,179.320,3.485,24,24,3717,2,2,1,100,1,0
1773393773.522104,179.355,3.480,24,24,3821,2,2,1,100,1,0
1773393775.520381,179.547,4.258,24,24,3928,2,2,1,100,1,0
1773393777.519218,179.754,2.255,24,24,4032,2,2,1,100,1,0
1773393779.520441,180.094,3.157,24,24,4136,2,2,1,100,1,0
1773393781.527862,180.266,3.947,24,24,4242,2,2,1,100,1,0
1773393783.519697,180.289,2.535,24,24,4347,2,2,1,100,1,0
1773393785.519979,180.371,3.803,24,24,4451,2,2,1,100,1,0
1773393787.519889,180.477,3.293,24,24,4556,2,2,1,100,1,0
1773393789.520520,180.684,2.433,24,24,4661,2,2,1,100,1,0
1773393791.520280,180.738,4.163,24,24,4766,2,2,1,100,1,0
1773393793.529347,181.031,3.309,24,24,4870,2,2,1,100,1,0
1773393795.520217,181.148,2.363,24,24,4975,2,2,1,100,1,0
1773393797.519722,181.387,4.611,24,24,5080,2,2,1,100,1,0
1773393799.525612,181.617,2.630,23,24,5185,2,2,1,100,1,0
1773393801.519372,181.840,3.692,24,24,5290,2,2,1,100,1,0
1773393803.520153,181.918,2.548,24,24,5394,2,2,1,100,1,0
1773393805.519888,181.949,3.088,24,24,5500,2,2,1,100,1,0
1773393807.519289,182.094,2.916,24,24,5603,2,2,1,100,1,0
1773393809.519862,182.207,2.678,24,24,5709,2,2,1,100,1,0
1773393811.520323,182.363,5.634,24,24,5813,2,2,1,100,1,0
1773393813.521437,182.535,3.361,24,24,5918,2,2,1,100,1,0
1773393815.519287,182.711,3.283,24,24,6023,2,2,1,100,1,0
1773393817.520065,182.852,4.816,24,24,6128,2,2,1,100,1,0
1773393819.519837,182.875,2.349,24,24,6233,2,2,1,100,1,0
1773393821.521806,183.090,4.813,24,24,6337,2,2,1,100,1,0
1773393823.537328,183.191,2.689,24,24,6443,2,2,1,100,1,0
1773393825.538402,183.391,2.236,24,24,6548,2,2,1,100,1,0
1773393827.536003,183.750,3.672,24,24,6652,2,2,1,100,1,0
1773393829.538058,184.004,3.471,24,24,6758,2,2,1,100,1,0
1773393831.537188,184.215,4.302,24,24,6862,2,2,1,100,1,0
1773393833.538584,184.500,2.559,24,24,6966,2,2,1,100,1,0
1773393835.534313,184.742,2.421,24,24,7071,2,2,1,100,1,0
1773393837.537771,184.824,2.508,24,24,7177,2,2,1,100,1,0
1773393839.537560,184.953,3.719,24,24,7282,2,2,1,100,1,0
1773393841.536246,185.102,3.104,24,24,7386,2,2,1,100,1,0
1773393843.537369,185.219,5.398,24,24,7491,2,2,1,100,1,0
1773393845.535201,185.379,4.348,24,24,7596,2,2,1,100,1,0
1773393847.540659,185.535,3.118,23,24,7700,2,2,1,100,1,0
1773393849.535326,185.602,4.424,24,24,7806,2,2,1,100,1,0
1773393851.538096,185.766,2.881,24,24,7910,2,2,1,100,1,0
1773393853.536801,186.004,6.779,24,24,8015,2,2,1,100,1,0
1773393855.537575,186.098,4.169,24,24,8120,2,2,1,100,1,0
1773393857.537286,186.262,2.730,24,24,8225,2,2,1,100,1,0
1773393859.537606,186.496,2.819,24,24,8330,2,2,1,100,1,0
1773393861.535611,186.262,3.536,24,24,8434,2,2,1,100,1,0
1773393863.537134,186.398,2.839,24,24,8538,2,2,1,100,1,0
1773393865.536792,186.520,3.285,24,24,8643,2,2,1,100,1,0
1773393867.537072,186.645,4.045,24,24,8749,2,2,1,100,1,0
1773393869.539670,186.734,2.838,24,24,8853,2,2,1,100,1,0
1773393871.536412,186.809,4.038,24,24,8958,2,2,1,100,1,0
1773393873.537736,186.879,5.080,24,24,9063,2,2,1,100,1,0
1773393875.538613,186.902,3.730,24,24,9167,2,2,1,100,1,0
1773393877.540246,187.070,3.521,24,24,9271,2,2,1,100,1,0
1773393879.535424,187.152,5.316,24,24,9377,2,2,1,100,1,0
1773393881.538046,187.227,6.793,24,24,9483,2,2,1,100,1,0
1773393883.542208,187.141,6.377,24,24,9586,2,2,1,100,1,0
1773393885.535497,187.160,4.301,24,24,9691,2,2,1,100,1,0
1773393887.538986,186.949,3.036,24,24,9797,2,2,1,100,1,0
1773393889.540499,186.844,3.824,24,24,9901,2,2,1,100,1,0
1773393891.535687,187.016,2.709,24,24,10006,2,2,1,100,1,0
1773393893.537982,187.043,4.208,24,24,10111,2,2,1,100,1,0
1773393895.537604,186.965,5.276,24,24,10216,2,2,1,100,1,0
1773393897.542790,187.051,6.354,24,24,10320,2,2,1,100,1,0
1773393899.534674,187.168,5.257,24,24,10425,2,2,1,100,1,0
1773393901.536697,187.258,5.811,24,24,10530,2,2,1,100,1,0
1773393903.584599,187.258,6.913,23,24,10635,2,2,1,100,1,0
1773393905.537270,187.375,3.433,24,24,10739,2,2,1,100,1,0
1773393907.534990,187.375,4.337,24,24,10844,2,2,1,100,1,0
1773393909.535398,187.422,5.988,24,24,10950,2,2,1,100,1,0
1773393911.544616,187.469,5.938,24,24,11053,2,2,1,100,1,0
1773393913.536371,187.324,4.665,24,24,11158,2,2,1,100,1,0
1773393915.534448,187.285,4.364,24,24,11263,2,2,1,100,1,0
1773393917.541134,187.148,4.036,24,24,11368,2,2,1,100,1,0
1773393919.538087,187.211,4.423,24,24,11473,2,2,1,100,1,0
1773393921.534575,187.320,3.166,24,24,11577,2,2,1,100,1,0
1773393923.536650,187.270,3.570,24,24,11683,2,2,1,100,1,0
1773393925.541771,187.309,4.138,24,24,11787,2,2,1,100,1,0
1773393927.537976,187.383,3.690,24,24,11893,2,2,1,100,1,0
1773393929.534666,187.363,3.157,24,24,11997,2,2,1,100,1,0
1773393931.540955,187.406,3.281,24,24,12102,2,2,1,100,1,0
1773393933.538037,187.469,4.434,24,24,12206,2,2,1,100,1,0
1773393935.535160,187.547,4.418,24,24,12311,2,2,1,100,1,0
1773393937.534380,187.629,6.032,24,24,12417,2,2,1,100,1,0
1773393939.543009,187.625,7.844,24,24,12519,2,2,1,100,1,0
1773393941.537575,187.625,3.170,24,24,12626,2,2,1,100,1,0
1773393943.537946,187.668,4.560,24,24,12731,2,2,1,100,1,0
1773393945.542166,187.781,4.950,24,24,12835,2,2,1,100,1,0
1773393947.537273,187.445,3.185,24,24,12940,2,2,1,100,1,0
1773393949.538680,187.398,6.398,24,24,13045,2,2,1,100,1,0
1773393951.534445,187.512,7.088,24,24,13150,2,2,1,100,1,0
1773393953.540296,187.641,4.982,24,24,13254,2,2,1,100,1,0
1773393955.534579,187.691,3.751,24,24,13360,2,2,1,100,1,0
1773393957.537347,187.816,3.441,24,24,13464,2,2,1,100,1,0
1773393959.570683,187.723,5.640,24,24,13568,2,2,1,100,1,0
1773393961.538694,187.801,3.851,24,24,13674,2,2,1,100,1,0
1773393963.535157,187.828,3.459,24,24,13778,2,2,1,100,1,0
1773393965.537770,187.855,3.093,24,24,13883,2,2,1,100,1,0
1773393967.541310,187.926,5.459,24,24,13988,2,2,1,100,1,0
1773393969.538019,188.082,2.697,24,24,14093,2,2,1,100,1,0
1773393971.537368,188.199,3.690,24,24,14198,2,2,1,100,1,0
1773393973.538710,188.258,3.718,24,24,14302,2,2,1,100,1,0
1773393975.534539,188.242,5.216,24,24,14407,2,2,1,100,1,0
1773393977.537859,188.285,5.020,24,24,14512,2,2,1,100,1,0
1773393979.538536,188.340,2.753,24,24,14617,2,2,1,100,1,0
1773393981.538318,188.504,4.431,24,24,14721,2,2,1,100,1,0
1773393983.537822,188.363,4.447,24,24,14827,2,2,1,100,1,0
1773393985.538288,188.453,3.546,24,24,14932,2,2,1,100,1,0
1773393987.537232,188.488,3.751,24,24,15035,2,2,1,100,1,0
1773393989.538128,188.516,2.930,24,24,15141,2,2,1,100,1,0
1773393991.534448,188.539,4.155,24,24,15245,2,2,1,100,1,0
1773393993.537257,188.656,6.434,24,24,15351,2,2,1,100,1,0
1773393995.537325,188.676,5.350,24,24,15455,2,2,1,100,1,0
1773393997.537246,188.602,4.325,24,24,15560,2,2,1,100,1,0
1773393999.534632,188.668,4.849,24,24,15665,2,2,1,100,1,0
1773394001.545308,188.684,3.616,23,24,15769,2,2,1,100,1,0
1773394003.534366,188.688,5.181,24,24,15874,2,2,1,100,1,0
1773394005.539258,188.762,5.564,24,24,15979,2,2,1,100,1,0
1773394007.537923,188.824,5.111,24,24,16084,2,2,1,100,1,0
1773394009.543411,188.805,4.731,24,24,16188,2,2,1,100,1,0
1773394011.534629,188.988,3.152,24,24,16293,2,2,1,100,1,0
1773394013.536194,189.016,3.660,24,24,16398,2,2,1,100,1,0
1773394015.549433,188.809,6.895,23,24,16503,2,2,1,100,1,0
1773394017.537477,188.664,3.645,24,24,16608,2,2,1,100,1,0
1773394019.538535,188.664,6.620,24,24,16713,2,2,1,100,1,0
1773394021.534840,188.680,3.652,24,24,16818,2,2,1,100,1,0
1773394023.537339,188.719,6.547,24,24,16921,2,2,1,100,1,0
1773394025.534808,188.766,5.467,24,24,17027,2,2,1,100,1,0
1773394027.537360,188.816,3.440,24,24,17132,2,2,1,100,1,0
1773394029.563555,188.824,4.750,24,24,17236,2,2,1,100,1,0
1773394031.537722,188.840,4.377,24,24,17341,2,2,1,100,1,0
1773394033.535174,188.852,2.846,24,24,17446,2,2,1,100,1,0
1773394035.535999,188.875,5.455,24,24,17551,2,2,1,100,1,0
1773394037.539059,188.926,5.190,24,24,17655,2,2,1,100,1,0
1773394039.538090,189.020,4.595,24,24,17761,2,2,1,100,1,0
1773394041.538199,189.145,3.941,24,24,17865,2,2,1,100,1,0
1773394043.537651,189.180,3.749,24,24,17970,2,2,1,100,1,0
1773394045.546739,189.207,5.535,24,24,18073,2,2,1,100,1,0
1773394047.536844,189.238,6.198,24,24,18179,2,2,1,100,1,0
1773394049.537688,189.262,6.711,24,24,18285,2,2,1,100,1,0
1773394051.542238,189.297,6.056,24,24,18389,2,2,1,100,1,0
1773394053.543213,189.352,5.597,24,24,18494,2,2,1,100,1,0
1773394055.538182,189.398,6.226,24,24,18599,2,2,1,100,1,0
1773394057.538105,189.484,4.816,24,24,18704,2,2,1,100,1,0
1773394059.537463,189.496,4.246,24,24,18808,2,2,1,100,1,0
1773394061.534445,189.539,4.008,24,24,18913,2,2,1,100,1,0
1773394063.534980,189.555,3.685,24,24,19019,2,2,1,100,1,0
1773394065.540831,189.617,7.131,24,24,19122,2,2,1,100,1,0
1773394067.534556,189.121,3.550,24,24,19228,2,2,1,100,1,0
1773394069.537681,189.176,5.536,24,24,19333,2,2,1,100,1,0
1773394071.537156,189.207,3.006,24,24,19437,2,2,1,100,1,0
1773394073.537927,189.219,4.648,24,24,19542,2,2,1,100,1,0
1773394075.535452,189.238,2.955,24,24,19647,2,2,1,100,1,0
1773394077.537072,189.277,3.231,24,24,19752,2,2,1,100,1,0
1773394079.539548,189.379,6.785,24,24,19856,2,2,1,100,1,0
1773394081.537445,189.406,5.751,24,24,19961,2,2,1,100,1,0
1773394083.536704,189.465,6.517,24,24,20066,2,2,1,100,1,0
1773394085.551913,189.523,5.388,24,24,20170,2,2,1,100,1,0
1773394087.537901,189.488,3.974,24,24,20276,2,2,1,100,1,0
1773394089.539990,189.574,6.051,24,24,20381,2,2,1,100,1,0
1773394091.537728,189.613,5.936,24,24,20486,2,2,1,100,1,0
1773394093.544055,189.656,7.367,24,24,20589,2,2,1,100,1,0
1773394095.535359,189.773,8.413,24,24,20694,2,2,1,100,1,0
1773394097.535066,189.547,3.341,24,24,20799,2,2,1,100,1,0
1773394099.538908,189.637,6.545,24,24,20903,2,2,1,100,1,0
1773394101.534553,189.668,5.171,24,24,21009,2,2,1,100,1,0
1773394103.538148,189.695,5.326,24,24,21114,2,2,1,100,1,0
1773394105.537624,189.730,3.660,24,24,21219,2,2,1,100,1,0
1773394107.538146,189.766,3.953,24,24,21323,2,2,1,100,1,0
1773394109.538376,189.832,6.440,24,24,21428,2,2,1,100,1,0
1773394111.534655,189.887,5.135,24,24,21534,2,2,1,100,1,0
1773394113.538049,189.922,3.762,24,24,21637,2,2,1,100,1,0
1773394115.537484,189.965,3.820,24,24,21743,2,2,1,100,1,0
1773394117.535341,189.965,6.538,24,24,21848,2,2,1,100,1,0
1773394119.537999,189.969,2.874,24,24,21953,2,2,1,100,1,0
1773394121.540361,190.000,4.246,24,24,22056,2,2,1,100,1,0
1773394123.537325,190.043,2.892,24,24,22162,2,2,1,100,1,0
1773394125.537587,190.105,3.618,24,24,22267,2,2,1,100,1,0
1773394127.540192,189.957,4.124,24,24,22371,2,2,1,100,1,0
1773394129.537240,190.066,2.925,24,24,22476,2,2,1,100,1,0
1773394131.537837,190.102,2.905,24,24,22581,2,2,1,100,1,0
1773394133.535666,190.129,4.677,24,24,22686,2,2,1,100,1,0
1773394135.535634,190.156,4.092,24,24,22789,2,2,1,100,1,0
1773394137.538084,190.180,3.739,24,24,22895,2,2,1,100,1,0
1773394139.534562,190.227,4.496,24,24,23000,2,2,1,100,1,0
1773394141.544281,190.301,4.773,24,24,23104,2,2,1,100,1,0
1773394143.535871,190.348,4.543,24,24,23209,2,2,1,100,1,0
1773394145.534777,190.355,4.879,24,24,23314,2,2,1,100,1,0
1773394147.537734,190.371,6.420,24,24,23420,2,2,1,100,1,0
1773394149.535898,190.371,9.429,24,24,23524,2,2,1,100,1,0
1773394151.534333,190.449,4.478,24,24,23629,2,2,1,100,1,0
1773394153.537509,190.449,5.959,24,24,23734,2,2,1,100,1,0
1773394155.537974,190.539,4.558,24,24,23838,2,2,1,100,1,0
1773394157.534800,190.293,3.321,24,24,23943,2,2,1,100,1,0
1773394159.538128,190.285,3.455,24,24,24048,2,2,1,100,1,0
1773394161.535902,190.352,8.563,24,24,24153,2,2,1,100,1,0
1773396207.717231,150.801,0.000,0,24,0,8,8,3,100,0,0
1773396209.706567,150.801,0.000,0,24,0,8,8,3,100,0,0
1773396211.706475,150.801,0.000,0,24,0,8,8,3,100,0,0
1773396213.707597,150.875,0.000,0,24,0,8,8,3,100,0,0
1773396215.707075,150.926,0.000,0,24,0,8,8,3,100,0,0
1773396217.709032,150.926,0.000,0,24,0,8,8,3,100,0,0
1773396219.706677,150.945,0.000,0,24,0,8,8,3,100,0,0
1773396221.708144,151.117,0.000,0,24,0,8,8,3,100,0,0
1773396223.708359,160.523,0.000,0,24,0,8,8,3,100,0,0
1773396225.706414,165.848,0.019,0,24,0,8,8,3,100,0,0
1773396227.709174,166.344,0.025,0,24,0,8,8,3,100,0,0
1773396229.706709,169.176,0.151,0,24,0,8,8,3,100,0,0
1773396231.708363,169.281,0.125,0,24,0,8,8,3,100,0,0
1773396233.707167,169.820,4.179,21,24,0,8,8,3,100,0,0
1773396235.709592,170.207,8.520,24,24,97,2,2,1,100,1,0
1773396237.707370,170.445,4.568,24,24,202,2,2,1,100,1,0
1773396239.707515,170.602,2.687,24,24,307,2,2,1,100,1,0
1773396241.710576,171.105,4.284,24,24,410,2,2,1,100,1,0
1773396243.707526,171.293,4.489,24,24,515,2,2,1,100,1,0
1773396245.707726,171.461,4.155,24,24,621,2,2,1,100,1,0
1773396247.707155,171.668,3.842,24,24,726,2,2,1,100,1,0
1773396249.709595,171.840,4.032,24,24,830,2,2,1,100,1,0
1773396251.706671,171.965,3.162,24,24,935,2,2,1,100,1,0
1773396253.707070,172.137,2.875,24,24,1040,2,2,1,100,1,0
1773396255.709288,172.246,2.767,23,24,1144,2,2,1,100,1,0
1773396257.708269,172.457,3.152,24,24,1250,2,2,1,100,1,0
1773396259.707872,172.746,2.575,24,24,1355,2,2,1,100,1,0
1773396261.706400,172.832,3.117,24,24,1460,2,2,1,100,1,0
1773396263.715254,172.910,3.481,24,24,1563,2,2,1,100,1,0
1773396265.707545,173.133,3.753,24,24,1669,2,2,1,100,1,0
1773396267.706781,174.617,2.468,24,24,1773,2,2,1,100,1,0
1773396269.715021,174.738,4.124,24,24,1877,2,2,1,100,1,0
1773396271.708577,174.891,2.711,24,24,1983,2,2,1,100,1,0
1773396273.708295,175.195,2.439,24,24,2088,2,2,1,100,1,0
1773396275.706370,175.340,2.019,24,24,2193,2,2,1,100,1,0
1773396277.708438,175.562,5.080,24,24,2297,2,2,1,100,1,0
1773396279.706415,175.676,3.446,24,24,2402,2,2,1,100,1,0
1773396281.708188,175.922,3.446,24,24,2507,2,2,1,100,1,0
1773396283.710091,176.121,3.569,23,24,2612,2,2,1,100,1,0
1773396285.706391,176.172,1.973,24,24,2717,2,2,1,100,1,0
1773396287.707481,176.309,3.187,24,24,2821,2,2,1,100,1,0
1773396289.707460,176.496,3.781,24,24,2927,2,2,1,100,1,0
1773396291.715598,176.598,2.824,24,24,3030,2,2,1,100,1,0
1773396293.706289,176.773,2.351,24,24,3135,2,2,1,100,1,0
1773396295.706363,176.938,2.228,24,24,3241,2,2,1,100,1,0
1773396297.710873,177.066,3.081,23,24,3345,2,2,1,100,1,0
1773396299.707222,177.230,3.643,24,24,3450,2,2,1,100,1,0
1773396301.708981,177.402,2.781,24,24,3555,2,2,1,100,1,0
1773396303.706728,177.574,3.900,24,24,3660,2,2,1,100,1,0
1773396305.709356,177.531,3.141,24,24,3763,2,2,1,100,1,0
1773396307.707435,177.746,4.271,24,24,3870,2,2,1,100,1,0
1773396309.706933,177.715,2.901,24,24,3976,2,2,1,100,1,0
1773396311.711863,177.902,2.731,23,24,4080,2,2,1,100,1,0
1773396313.708112,178.121,2.648,24,24,4185,2,2,1,100,1,0
1773396315.707240,178.270,4.418,24,24,4289,2,2,1,100,1,0
1773396317.707077,178.258,3.351,24,24,4395,2,2,1,100,1,0
1773396319.713789,178.410,2.314,24,24,4499,2,2,1,100,1,0
1773396321.706786,182.750,5.326,23,24,4563,6,6,3,100,1,0
1773396323.707231,182.852,5.399,24,24,4663,2,2,1,100,1,0
1773396325.706586,183.090,1.620,0,24,4707,5,5,3,300,1,1
1773396327.714399,183.180,2.657,24,24,4716,5,5,1,100,1,0
1773396329.706271,183.340,1.672,0,24,4792,7,7,3,100,1,0
1773396331.707736,183.340,0.493,0,24,4792,8,8,3,300,1,1
1773396333.707129,183.312,0.195,0,24,4792,8,8,3,300,0,1
1773396335.707880,183.312,0.087,0,24,4792,8,8,3,300,0,1
1773396337.708071,183.324,0.069,0,24,4792,8,8,3,300,0,1
1773396339.706900,183.352,0.077,4,24,4792,8,8,3,300,0,1
1773396341.715326,183.582,4.216,24,24,4865,2,2,1,100,1,0
1773396429.893222,150.676,0.000,0,24,0,8,8,3,100,0,0
1773396431.879026,150.680,0.000,0,24,0,8,8,3,100,0,0
1773396433.880978,150.680,0.000,0,24,0,8,8,3,100,0,0
1773396435.879447,150.684,0.000,0,24,0,8,8,3,100,0,0
1773396437.878508,150.684,0.000,0,24,0,8,8,3,100,0,0
1773396439.879115,150.684,0.000,0,24,0,8,8,3,100,0,0
1773396441.879849,150.684,0.000,0,24,0,8,8,3,100,0,0
1773396443.879999,150.688,0.000,0,24,0,8,8,3,100,0,0
1773396445.880141,150.688,0.000,0,24,0,8,8,3,100,0,0
1773396447.879909,150.688,0.000,0,24,0,8,8,3,100,0,0
1773396449.878245,150.688,0.000,0,24,0,8,8,3,100,0,0
1773396451.879609,150.688,0.000,0,24,0,8,8,3,100,0,0
1773396453.880139,150.688,0.000,0,24,0,8,8,3,100,0,0
1773396455.879474,150.430,0.000,0,24,0,8,8,3,100,0,0
1773396457.879490,150.430,0.000,0,24,0,8,8,3,100,0,0
1773396459.880312,150.430,0.000,0,24,0,8,8,3,100,0,0
1773396461.880460,150.430,0.000,0,24,0,8,8,3,100,0,0
1773396463.879442,150.434,0.000,0,24,0,8,8,3,100,0,0
1773396465.878574,150.434,0.000,0,24,0,8,8,3,100,0,0
1773396467.879360,150.434,0.000,0,24,0,8,8,3,100,0,0
1773396469.878860,150.434,0.000,0,24,0,8,8,3,100,0,0
1773396471.880349,150.434,0.000,0,24,0,8,8,3,100,0,0
1773396473.880754,150.438,0.000,0,24,0,8,8,3,100,0,0
1773396475.879855,150.438,0.000,0,24,0,8,8,3,100,0,0
1773396477.879218,150.438,0.000,0,24,0,8,8,3,100,0,0
1773396479.879879,150.438,0.000,0,24,0,8,8,3,100,0,0
1773396481.879150,150.438,0.000,0,24,0,8,8,3,100,0,0
1773396483.879139,150.441,0.000,0,24,0,8,8,3,100,0,0
1773396485.878490,150.402,0.000,0,24,0,8,8,3,100,0,0
1773396487.880075,150.402,0.000,0,24,0,8,8,3,100,0,0
1773396489.880879,150.402,0.000,0,24,0,8,8,3,100,0,0
1773396491.879474,150.402,0.000,0,24,0,8,8,3,100,0,0
1773396493.879232,150.402,0.000,0,24,0,8,8,3,100,0,0
1773396495.880058,150.402,0.000,0,24,0,8,8,3,100,0,0
1773396497.885158,150.402,0.000,0,24,0,8,8,3,100,0,0
1773396499.879700,150.402,0.000,0,24,0,8,8,3,100,0,0
1773396501.879004,150.402,0.000,0,24,0,8,8,3,100,0,0
1773396503.880094,150.406,0.000,0,24,0,8,8,3,100,0,0
1773396505.879564,150.406,0.000,0,24,0,8,8,3,100,0,0
1773396507.880843,150.406,0.000,0,24,0,8,8,3,100,0,0
1773396509.880235,150.406,0.000,0,24,0,8,8,3,100,0,0
1773396511.879283,150.406,0.000,0,24,0,8,8,3,100,0,0
1773396513.879812,150.406,0.000,0,24,0,8,8,3,100,0,0
1773396515.879724,150.387,0.000,0,24,0,8,8,3,100,0,0
1773396517.880165,150.387,0.000,0,24,0,8,8,3,100,0,0
1773396519.878901,150.387,0.000,0,24,0,8,8,3,100,0,0
1773396521.879491,150.387,0.000,0,24,0,8,8,3,100,0,0
1773396523.879884,150.391,0.000,0,24,0,8,8,3,100,0,0
1773396525.880526,150.391,0.000,0,24,0,8,8,3,100,0,0
1773396527.880202,150.391,0.000,0,24,0,8,8,3,100,0,0
1773396529.879577,150.391,0.000,0,24,0,8,8,3,100,0,0
1773396531.880009,150.391,0.000,0,24,0,8,8,3,100,0,0
1773396533.879596,150.391,0.000,0,24,0,8,8,3,100,0,0
1773396535.879540,150.391,0.000,0,24,0,8,8,3,100,0,0
1773396537.879863,150.395,0.000,0,24,0,8,8,3,100,0,0
1773396539.878957,150.395,0.000,0,24,0,8,8,3,100,0,0
1773396541.879432,150.395,0.000,0,24,0,8,8,3,100,0,0
1773396543.879721,150.398,0.000,0,24,0,8,8,3,100,0,0
1773396545.879981,150.398,0.000,0,24,0,8,8,3,100,0,0
1773396547.878441,150.395,0.000,0,24,0,8,8,3,100,0,0
1773396549.880632,150.406,0.000,0,24,0,8,8,3,100,0,0
1773396551.879879,150.406,0.000,0,24,0,8,8,3,100,0,0
1773396553.879113,150.406,0.000,0,24,0,8,8,3,100,0,0
1773396555.878908,150.406,0.000,0,24,0,8,8,3,100,0,0
1773396557.878906,150.406,0.000,0,24,0,8,8,3,100,0,0
1773396559.881736,150.406,0.000,0,24,0,8,8,3,100,0,0
1773396561.879033,150.406,0.000,0,24,0,8,8,3,100,0,0
1773396563.879831,150.410,0.000,0,24,0,8,8,3,100,0,0
1773396565.879678,150.410,0.000,0,24,0,8,8,3,100,0,0
1773396567.879355,150.410,0.000,0,24,0,8,8,3,100,0,0
1773396569.879374,150.410,0.000,0,24,0,8,8,3,100,0,0
1773396571.879794,150.410,0.000,0,24,0,8,8,3,100,0,0
1773396573.880456,150.410,0.000,0,24,0,8,8,3,100,0,0
1773396575.878916,150.410,0.000,0,24,0,8,8,3,100,0,0
1773396577.880118,150.410,0.000,0,24,0,8,8,3,100,0,0
1773396579.878936,150.410,0.000,0,24,0,8,8,3,100,0,0
1773396581.878478,150.410,0.000,0,24,0,8,8,3,100,0,0
1773396583.879104,150.414,0.000,0,24,0,8,8,3,100,0,0
1773396585.880227,150.414,0.000,0,24,0,8,8,3,100,0,0
1773396587.879064,150.414,0.000,0,24,0,8,8,3,100,0,0
1773396589.879311,150.414,0.000,0,24,0,8,8,3,100,0,0
1773396591.879095,150.414,0.000,0,24,0,8,8,3,100,0,0
1773396593.879720,150.414,0.000,0,24,0,8,8,3,100,0,0
1773396595.880354,150.414,0.000,0,24,0,8,8,3,100,0,0
1773396597.880645,150.414,0.000,0,24,0,8,8,3,100,0,0
1773396599.878838,150.414,0.000,0,24,0,8,8,3,100,0,0
1773396601.880469,150.418,0.000,0,24,0,8,8,3,100,0,0
1773396603.879483,150.422,0.000,0,24,0,8,8,3,100,0,0
1773396605.878944,150.410,0.000,0,24,0,8,8,3,100,0,0
1773396607.880254,150.410,0.000,0,24,0,8,8,3,100,0,0
1773396609.879202,150.410,0.000,0,24,0,8,8,3,100,0,0
1773396611.879460,150.410,0.000,0,24,0,8,8,3,100,0,0
1773396613.878904,150.410,0.000,0,24,0,8,8,3,100,0,0
1773396615.879672,150.410,0.000,0,24,0,8,8,3,100,0,0
1773396617.878379,150.410,0.000,0,24,0,8,8,3,100,0,0
1773396619.879680,150.410,0.000,0,24,0,8,8,3,100,0,0
1773396621.879943,150.410,0.000,0,24,0,8,8,3,100,0,0
1773396623.880397,150.414,0.000,0,24,0,8,8,3,100,0,0
1773396625.879123,150.414,0.000,0,24,0,8,8,3,100,0,0
1773396627.879001,150.414,0.000,0,24,0,8,8,3,100,0,0
1773396629.880658,150.414,0.000,0,24,0,8,8,3,100,0,0
1773396631.879205,150.414,0.000,0,24,0,8,8,3,100,0,0
1773396633.880213,150.414,0.000,0,24,0,8,8,3,100,0,0
1773396635.879431,150.414,0.000,0,24,0,8,8,3,100,0,0
1773396637.879220,150.414,0.000,0,24,0,8,8,3,100,0,0
1773396639.879258,150.414,0.000,0,24,0,8,8,3,100,0,0
1773396641.879645,150.414,0.000,0,24,0,8,8,3,100,0,0
1773396643.880821,150.418,0.000,0,24,0,8,8,3,100,0,0
1773396645.879998,150.418,0.000,0,24,0,8,8,3,100,0,0
1773396647.878893,150.418,0.000,0,24,0,8,8,3,100,0,0
1773396649.879408,150.418,0.000,0,24,0,8,8,3,100,0,0
1773396651.879718,150.418,0.000,0,24,0,8,8,3,100,0,0
1773396653.878550,150.418,0.000,0,24,0,8,8,3,100,0,0
1773396655.878873,150.418,0.000,0,24,0,8,8,3,100,0,0
1773396657.879356,150.418,0.000,0,24,0,8,8,3,100,0,0
1773396659.879456,150.418,0.000,0,24,0,8,8,3,100,0,0
1773396661.879800,150.418,0.000,0,24,0,8,8,3,100,0,0
1773396663.879770,150.422,0.000,0,24,0,8,8,3,100,0,0
1773396665.878859,150.422,0.000,0,24,0,8,8,3,100,0,0
1773396667.879695,150.422,0.000,0,24,0,8,8,3,100,0,0
1773397830.267512,150.496,0.000,0,24,0,8,8,3,100,0,0
1773397832.254896,150.496,0.000,0,24,0,8,8,3,100,0,0
1773397834.255712,150.496,0.000,0,24,0,8,8,3,100,0,0
1773397836.253263,150.500,0.000,0,24,0,8,8,3,100,0,0
1773397838.254270,150.500,0.000,0,24,0,8,8,3,100,0,0
1773397840.253687,150.500,0.000,0,24,0,8,8,3,100,0,0
1773397842.253554,150.500,0.000,0,24,0,8,8,3,100,0,0
1773397844.255135,150.500,0.000,0,24,0,8,8,3,100,0,0
1773397846.253572,150.504,0.000,0,24,0,8,8,3,100,0,0
1773397848.253377,150.504,0.000,0,24,0,8,8,3,100,0,0
1773397850.254646,150.504,0.000,0,24,0,8,8,3,100,0,0
1773397852.254816,150.504,0.000,0,24,0,8,8,3,100,0,0
1773397854.255726,150.504,0.000,0,24,0,8,8,3,100,0,0
1773397856.253811,150.246,0.000,0,24,0,8,8,3,100,0,0
1773397858.253363,150.246,0.000,0,24,0,8,8,3,100,0,0
1773397860.253721,150.246,0.000,0,24,0,8,8,3,100,0,0
1773397862.253536,150.246,0.000,0,24,0,8,8,3,100,0,0
1773397864.253655,150.246,0.000,0,24,0,8,8,3,100,0,0
1773397866.255399,150.250,0.000,0,24,0,8,8,3,100,0,0
1773397868.253213,150.250,0.000,0,24,0,8,8,3,100,0,0
1773397870.255578,150.250,0.000,0,24,0,8,8,3,100,0,0
1773397872.253806,150.250,0.000,0,24,0,8,8,3,100,0,0
1773397874.254944,150.250,0.000,0,24,0,8,8,3,100,0,0
1773397876.253696,150.254,0.000,0,24,0,8,8,3,100,0,0
1773397878.253783,150.254,0.000,0,24,0,8,8,3,100,0,0
1773397880.255336,150.254,0.000,0,24,0,8,8,3,100,0,0
1773397882.253557,150.254,0.000,0,24,0,8,8,3,100,0,0
1773397884.253517,150.254,0.000,0,24,0,8,8,3,100,0,0
1773397886.253658,150.219,0.000,0,24,0,8,8,3,100,0,0
1773397888.254789,150.219,0.000,0,24,0,8,8,3,100,0,0
